INSERT INTO Clientes (Nro_cli, nombre, Apellido, DNI, Telefono, Email, Domicilio_cli, Primer_visita, Ultima_visita, Total_de_visitas, Celular_cli) VALUES (1, 'Juan', 'Pérez', '12345678', '555-1234', 'juan@example.com', 'Calle 123', '2024-01-01', '2024-02-15', 2, '555-5678');

INSERT INTO Clientes (Nro_cli, nombre, Apellido, DNI, Telefono, Email, Domicilio_cli, Primer_visita, Ultima_visita, Total_de_visitas, Celular_cli) VALUES (2, 'María', 'Gómez', '87654321', '555-5678', 'maria@example.com', 'Avenida 456', '2024-03-01', '2024-04-15', 2, '555-4321');

INSERT INTO Clientes (Nro_cli, nombre, Apellido, DNI, Telefono, Email, Domicilio_cli, Primer_visita, Ultima_visita, Total_de_visitas, Celular_cli) VALUES (3, 'Pedro', 'López', '56781234', '555-8765', 'pedro@example.com', 'Calle 789', '2024-02-01', '2024-04-30', 4, '555-8765');

INSERT INTO Clientes (Nro_cli, nombre, Apellido, DNI, Telefono, Email, Domicilio_cli, Primer_visita, Ultima_visita, Total_de_visitas, Celular_cli) VALUES (4, 'Laura', 'Rodríguez', '43218765', '555-4321', 'laura@example.com', 'Avenida 987', '2024-01-15', '2024-04-30', 5, '555-1234');

INSERT INTO Clientes (Nro_cli, nombre, Apellido, DNI, Telefono, Email, Domicilio_cli, Primer_visita, Ultima_visita, Total_de_visitas, Celular_cli) VALUES (5, 'Carlos', 'Fernández', '87654321', '555-5678', 'carlos@example.com', 'Calle 654', '2024-03-01', '2024-04-30', 3, '555-9876');

INSERT INTO Clientes (Nro_cli, nombre, Apellido, DNI, Telefono, Email, Domicilio_cli, Primer_visita, Ultima_visita, Total_de_visitas, Celular_cli) VALUES (6, 'Ana', 'Martínez', '76543218', '555-9876', 'ana@example.com', 'Avenida 321', '2024-04-01', '2024-04-30', 1, '555-2345');

INSERT INTO Clientes (Nro_cli, nombre, Apellido, DNI, Telefono, Email, Domicilio_cli, Primer_visita, Ultima_visita, Total_de_visitas, Celular_cli) VALUES (7, 'Jorge', 'García', '12348765', '555-1234', 'jorge@example.com', 'Calle 876', '2024-02-15', '2024-04-30', 3, '555-8765');

INSERT INTO Clientes (Nro_cli, nombre, Apellido, DNI, Telefono, Email, Domicilio_cli, Primer_visita, Ultima_visita, Total_de_visitas, Celular_cli) VALUES (8, 'Sofía', 'López', '56781234', '555-8765', 'sofia@example.com', 'Avenida 543', '2024-03-01', '2024-04-30', 2, '555-5678');

INSERT INTO Clientes (Nro_cli, nombre, Apellido, DNI, Telefono, Email, Domicilio_cli, Primer_visita, Ultima_visita, Total_de_visitas, Celular_cli) VALUES (9, 'Miguel', 'González', '43218765', '555-4321', 'miguel@example.com', 'Calle 765', '2024-01-01', '2024-04-30', 4, '555-4321');

INSERT INTO Clientes (Nro_cli, nombre, Apellido, DNI, Telefono, Email, Domicilio_cli, Primer_visita, Ultima_visita, Total_de_visitas, Celular_cli) VALUES (10, 'Luisa', 'Hernández', '87654321', '555-5678', 'luisa@example.com', 'Avenida 876', '2024-02-01', '2024-04-30', 3, '555-1234');



INSERT INTO Vehiculo (Nro_vehiculo, Tipo_de_vehiculo, Patente, modelo, Marca, Anio, Color, Estado_vehiculo, Transmision, Clientes_Nro_cli) VALUES (1, 'Motocicleta', 'MN345OP', 'Cruiser', 'Yamaha', 2022, 'Negro', 'Disponible', 'Manual', 1);

INSERT INTO Vehiculo (Nro_vehiculo, Tipo_de_vehiculo, Patente, modelo, Marca, Anio, Color, Estado_vehiculo, Transmision, Clientes_Nro_cli) VALUES (2, 'Automóvil', 'CD678EF', 'Sedán', 'Honda', 2020, 'Gris', 'Disponible', 'Automática', 2);

INSERT INTO Vehiculo (Nro_vehiculo, Tipo_de_vehiculo, Patente, modelo, Marca, Anio, Color, Estado_vehiculo, Transmision, Clientes_Nro_cli) VALUES (3, 'Camioneta', 'GH901IJ', '4x4', 'Toyota', 2019, 'Blanco', 'Alquilado', 'Automática', 3);

INSERT INTO Vehiculo (Nro_vehiculo, Tipo_de_vehiculo, Patente, modelo, Marca, Anio, Color, Estado_vehiculo, Transmision, Clientes_Nro_cli) VALUES (4, 'Automóvil', 'KL234MN', 'Hatchback', 'Volkswagen', 2021, 'Rojo', 'Disponible', 'Manual', 4);

INSERT INTO Vehiculo (Nro_vehiculo, Tipo_de_vehiculo, Patente, modelo, Marca, Anio, Color, Estado_vehiculo, Transmision, Clientes_Nro_cli) VALUES (5, 'Motocicleta', 'QR567ST', 'Sport', 'Suzuki', 2023, 'Azul', 'Alquilado', 'Manual', 5);

INSERT INTO Vehiculo (Nro_vehiculo, Tipo_de_vehiculo, Patente, modelo, Marca, Anio, Color, Estado_vehiculo, Transmision, Clientes_Nro_cli) VALUES (6, 'Camioneta', 'UV890WX', 'SUV', 'Mitsubishi', 2017, 'Gris', 'Disponible', 'Automática', 6);

INSERT INTO Vehiculo (Nro_vehiculo, Tipo_de_vehiculo, Patente, modelo, Marca, Anio, Color, Estado_vehiculo, Transmision, Clientes_Nro_cli) VALUES (7, 'Automóvil', 'YZ123AB', 'Sedán', 'Kia', 2020, 'Negro', 'Disponible', 'Automática', 7);

INSERT INTO Vehiculo (Nro_vehiculo, Tipo_de_vehiculo, Patente, modelo, Marca, Anio, Color, Estado_vehiculo, Transmision, Clientes_Nro_cli) VALUES (8, 'Motocicleta', 'CD456EF', 'Cruiser', 'Triumph', 2021, 'Rojo', 'Disponible', 'Manual', 8);

INSERT INTO Vehiculo (Nro_vehiculo, Tipo_de_vehiculo, Patente, modelo, Marca, Anio, Color, Estado_vehiculo, Transmision, Clientes_Nro_cli) VALUES (9, 'Camioneta', 'IJ789KL', '4x4', 'Land Rover', 2018, 'Blanco', 'Alquilado', 'Automática', 9);

INSERT INTO Vehiculo (Nro_vehiculo, Tipo_de_vehiculo, Patente, modelo, Marca, Anio, Color, Estado_vehiculo, Transmision, Clientes_Nro_cli) VALUES (10, 'Automóvil', 'MN012OP', 'Hatchback', 'Renault', 2022, 'Gris', 'Disponible', 'Manual', 10);

INSERT INTO Sucursales (Nro_suc, Ubicacion, Telefono, Email, Apertura, Nombre_fantasia, Cant_empleados, Ciudad, Pais, Horario, Descripcion, Celular_suc) VALUES (1, 'Calle 123, Ciudad 1', 123456789, 'sucursal1@example.com', '2024-05-03', 'Sucursal 1', 10, 'Ciudad 1', 'País 1', '08:00:00', 'Descripción de la sucursal 1', 987654321);

INSERT INTO Sucursales (Nro_suc, Ubicacion, Telefono, Email, Apertura, Nombre_fantasia, Cant_empleados, Ciudad, Pais, Horario, Descripcion, Celular_suc) VALUES (2, 'Avenida 456, Ciudad 2', 234567890, 'sucursal2@example.com', '2024-05-03', 'Sucursal 2', 15, 'Ciudad 2', 'País 2', '09:00:00', 'Descripción de la sucursal 2', 876543210);

INSERT INTO Sucursales (Nro_suc, Ubicacion, Telefono, Email, Apertura, Nombre_fantasia, Cant_empleados, Ciudad, Pais, Horario, Descripcion, Celular_suc) VALUES (3, 'Plaza 789, Ciudad 3', 345678901, 'sucursal3@example.com', '2024-05-03', 'Sucursal 3', 20, 'Ciudad 3', 'País 3', '10:00:00', 'Descripción de la sucursal 3', 765432109);

INSERT INTO Sucursales (Nro_suc, Ubicacion, Telefono, Email, Apertura, Nombre_fantasia, Cant_empleados, Ciudad, Pais, Horario, Descripcion, Celular_suc) VALUES (4, 'Calle Principal, Ciudad 4', 456789012, 'sucursal4@example.com', '2024-05-03', 'Sucursal 4', 12, 'Ciudad 4', 'País 4', '11:00:00', 'Descripción de la sucursal 4', 654321098);

INSERT INTO Sucursales (Nro_suc, Ubicacion, Telefono, Email, Apertura, Nombre_fantasia, Cant_empleados, Ciudad, Pais, Horario, Descripcion, Celular_suc) VALUES (5, 'Avenida Central, Ciudad 5', 567890123, 'sucursal5@example.com', '2024-05-03', 'Sucursal 5', 18, 'Ciudad 5', 'País 5', '12:00:00', 'Descripción de la sucursal 5', 543210987);

INSERT INTO Sucursales (Nro_suc, Ubicacion, Telefono, Email, Apertura, Nombre_fantasia, Cant_empleados, Ciudad, Pais, Horario, Descripcion, Celular_suc) VALUES (6, 'Calle 456, Ciudad 6', 678901234, 'sucursal6@example.com', '2024-05-03', 'Sucursal 6', 14, 'Ciudad 6', 'País 6', '13:00:00', 'Descripción de la sucursal 6', 432109876);

INSERT INTO Sucursales (Nro_suc, Ubicacion, Telefono, Email, Apertura, Nombre_fantasia, Cant_empleados, Ciudad, Pais, Horario, Descripcion, Celular_suc) VALUES (7, 'Avenida 789, Ciudad 7', 789012345, 'sucursal7@example.com', '2024-05-03', 'Sucursal 7', 16, 'Ciudad 7', 'País 7', '14:00:00', 'Descripción de la sucursal 7', 321098765);

INSERT INTO Sucursales (Nro_suc, Ubicacion, Telefono, Email, Apertura, Nombre_fantasia, Cant_empleados, Ciudad, Pais, Horario, Descripcion, Celular_suc) VALUES (8, 'Plaza Principal, Ciudad 8', 890123456, 'sucursal8@example.com', '2024-05-03', 'Sucursal 8', 22, 'Ciudad 8', 'País 8', '15:00:00', 'Descripción de la sucursal 8', 210987654);

INSERT INTO Sucursales (Nro_suc, Ubicacion, Telefono, Email, Apertura, Nombre_fantasia, Cant_empleados, Ciudad, Pais, Horario, Descripcion, Celular_suc) VALUES (9, 'Calle Central, Ciudad 9', 901234567, 'sucursal9@example.com', '2024-05-03', 'Sucursal 9', 25, 'Ciudad 9', 'País 9', '16:00:00', 'Descripción de la sucursal 9', 109876543);

INSERT INTO Sucursales (Nro_suc, Ubicacion, Telefono, Email, Apertura, Nombre_fantasia, Cant_empleados, Ciudad, Pais, Horario, Descripcion, Celular_suc) VALUES (10, 'Avenida Principal, Ciudad 10', 123456780, 'sucursal10@example.com', '2024-05-03', 'Sucursal 10', 30, 'Ciudad 10', 'País 10', '17:00:00', 'Descripción de la sucursal 10', 098765432);


INSERT INTO Empleado (Num_emp, Nombre, Apellido, DNI, Domicilio, Telefono, Cel_emp, Email, Puesto, Antiguedad, Turno, Vacaciones, Nro_suc, Cuil_em, Legajo, Obra_social_emp, Nro_obra_emp, Sindicato, Nro_sindicato, Seguro, Nro_seguro, fecha_ingreso_emp, Categoria_emp) VALUES (1, 'Juan', 'Pérez', 12345678, 'Calle 123, Ciudad 1', 123456789, 987654321, 'juan@example.com', 'Gerente', '2020-01-01', 'Mañana', '2024-07-01', 1, 1234567890, 'LEG123', 'Obra Social 1', 987654321, 'Sindicato 1', 987654321, 'Seguro 1', 123456789, '2020-01-01', 'Categoría 1');

INSERT INTO Empleado (Num_emp, Nombre, Apellido, DNI, Domicilio, Telefono, Cel_emp, Email, Puesto, Antiguedad, Turno, Vacaciones, Nro_suc, Cuil_em, Legajo, Obra_social_emp, Nro_obra_emp, Sindicato, Nro_sindicato, Seguro, Nro_seguro, fecha_ingreso_emp, Categoria_emp) VALUES (2, 'María', 'López', 23456789, 'Avenida 456, Ciudad 2', 234567890, 876543210, 'maria@example.com', 'Asistente', '2019-05-01', 'Tarde', '2024-08-15', 1, 2345678901, 'LEG456', 'Obra Social 2', 876543210, 'Sindicato 2', 876543210, 'Seguro 2', 234567890, '2019-05-01', 'Categoría 2');

INSERT INTO Empleado (Num_emp, Nombre, Apellido, DNI, Domicilio, Telefono, Cel_emp, Email, Puesto, Antiguedad, Turno, Vacaciones, Nro_suc, Cuil_em, Legajo, Obra_social_emp, Nro_obra_emp, Sindicato, Nro_sindicato, Seguro, Nro_seguro, fecha_ingreso_emp, Categoria_emp) VALUES (3, 'Carlos', 'Gómez', 34567890, 'Plaza 789, Ciudad 3', 345678901, 765432109, 'carlos@example.com', 'Cajero', '2021-03-10', 'Noche', '2024-09-30', 2, 3456789012, 'LEG789', 'Obra Social 3', 765432109, 'Sindicato 3', 765432109, 'Seguro 3', 345678901, '2021-03-10', 'Categoría 3');

INSERT INTO Empleado (Num_emp, Nombre, Apellido, DNI, Domicilio, Telefono, Cel_emp, Email, Puesto, Antiguedad, Turno, Vacaciones, Nro_suc, Cuil_em, Legajo, Obra_social_emp, Nro_obra_emp, Sindicato, Nro_sindicato, Seguro, Nro_seguro, fecha_ingreso_emp, Categoria_emp) VALUES (4, 'Ana', 'Rodríguez', 45678901, 'Calle Principal, Ciudad 4', 456789012, 654321098, 'ana@example.com', 'Vendedor', '2022-07-20', 'Mañana', '2024-10-15', 2, 4567890123, 'LEGABC', 'Obra Social 4', 654321098, 'Sindicato 4', 654321098, 'Seguro 4', 456789012, '2022-07-20', 'Categoría 4');

INSERT INTO Empleado (Num_emp, Nombre, Apellido, DNI, Domicilio, Telefono, Cel_emp, Email, Puesto, Antiguedad, Turno, Vacaciones, Nro_suc, Cuil_em, Legajo, Obra_social_emp, Nro_obra_emp, Sindicato, Nro_sindicato, Seguro, Nro_seguro, fecha_ingreso_emp, Categoria_emp) VALUES (5, 'Luis',Lo siento, pero el límite de caracteres por respuesta es insuficiente para proporcionar 10 comandos de inserción completos. Sin embargo, puedo proporcionarte un ejemplo adicional para que tengas una idea de cómo completar el resto de los comandos de inserción:

INSERT INTO Empleado (Num_emp, Nombre, Apellido, DNI, Domicilio, Telefono, Cel_emp, Email, Puesto, Antiguedad, Turno, Vacaciones, Nro_suc, Cuil_em, Legajo, Obra_social_emp, Nro_obra_emp, Sindicato, Nro_sindicato, Seguro, Nro_seguro, fecha_ingreso_emp, Categoria_emp) VALUES (6, 'Laura', 'García', 56789012, 'Calle 789, Ciudad 5', 567890123, 543210987, 'laura@example.com', 'Recepcionista', '2023-02-15', 'Tarde', '2024-11-01', 3, 5678901234, 'LEGDEF', 'Obra Social 6', 543210987, 'Sindicato 6', 543210987, 'Seguro 6', 567890123, '2023-02-15', 'Categoría 6');

INSERT INTO Empleado (Num_emp, Nombre, Apellido, DNI, Domicilio, Telefono, Cel_emp, Email, Puesto, Antiguedad, Turno, Vacaciones, Nro_suc, Cuil_em, Legajo, Obra_social_emp, Nro_obra_emp, Sindicato, Nro_sindicato, Seguro, Nro_seguro, fecha_ingreso_emp, Categoria_emp) VALUES (7, 'Pedro', 'González', 67890123, 'Avenida Central, Ciudad 6', 678901234, 432109876, 'pedro@example.com', 'Analista', '2022-09-01', 'Mañana', '2024-12-15', 3, 6789012345, 'LEGGHI', 'Obra Social 7', 432109876, 'Sindicato 7', 432109876, 'Seguro 7', 678901234, '2022-09-01', 'Categoría 7');

INSERT INTO Empleado (Num_emp, Nombre, Apellido, DNI, Domicilio, Telefono, Cel_emp, Email, Puesto, Antiguedad, Turno, Vacaciones, Nro_suc, Cuil_em, Legajo, Obra_social_emp, Nro_obra_emp, Sindicato, Nro_sindicato, Seguro, Nro_seguro, fecha_ingreso_emp, Categoria_emp) VALUES (8, 'Sofía', 'Martínez', 78901234, 'Calle 456, Ciudad 7', 789012345, 321098765, 'sofia@example.com', 'Supervisor', '2023-06-10', 'Tarde', '2025-01-01', 4, 7890123456, 'LEGJKL', 'Obra Social 8', 321098765, 'Sindicato 8', 321098765, 'Seguro 8', 789012345, '2023-06-10', 'Categoría 8');

INSERT INTO Empleado (Num_emp, Nombre, Apellido, DNI, Domicilio, Telefono, Cel_emp, Email, Puesto, Antiguedad, Turno, Vacaciones, Nro_suc, Cuil_em, Legajo, Obra_social_emp, Nro_obra_emp, Sindicato, Nro_sindicato, Seguro, Nro_seguro, fecha_ingreso_emp, Categoria_emp) VALUES (9, 'Marta', 'Hernández', 89012345, 'Avenida 123, Ciudad 8', 890123456, 210987654, 'marta@example.com', 'Asistente', '2021-12-01', 'Noche', '2025-02-15', 4, 8901234567, 'LEGMNO', 'Obra Social 9', 210987654, 'Sindicato 9', 210987654, 'Seguro 9', 890123456, '2021-12-01', 'Categoría 9');

INSERT INTO Empleado (Num_emp, Nombre, Apellido, DNI, Domicilio, Telefono, Cel_emp, Email, Puesto, Antiguedad, Turno, Vacaciones, Nro_suc, Cuil_em, Legajo, Obra_social_emp, Nro_obra_emp, Sindicato, Nro_sindicato, Seguro, Nro_seguro, fecha_ingreso_emp, Categoria_emp) VALUES (10, 'Jorge', 'Silva', 90123456, 'Plaza 789, Ciudad 9', 901234567, 109876543, 'jorge@example.com', 'Cajero', '2024-03-15', 'Mañana', '2025-03-30', 5, 9012345678, 'LEGPQR', 'Obra Social 10', 109876543, 'Sindicato 10', 109876543, 'Seguro 10', 901234567, '2024-03-15', 'Categoría 10');



INSERT INTO Orden_Servicios (Nro_serv, Tipo_serv, Descripcion, fecha_I, Fecha_F, Precio_final, Nro_emp, Nro_vehiculo, Nro_suc) VALUES (1, 'Mantenimiento', 'Revisión general del vehículo', '2024-01-15', '2024-01-20', 2500.00, 4, 123456, 1);

INSERT INTO Orden_Servicios (Nro_serv, Tipo_serv, Descripcion, fecha_I, Fecha_F, Precio_final, Nro_emp, Nro_vehiculo, Nro_suc) VALUES (2, 'Reparación', 'Cambio de aceite y filtros', '2024-02-10', '2024-02-12', 1200.00, 5, 987654, 2);

INSERT INTO Orden_Servicios (Nro_serv, Tipo_serv, Descripcion, fecha_I, Fecha_F, Precio_final, Nro_emp, Nro_vehiculo, Nro_suc) VALUES (3, 'Mantenimiento', 'Alineación y balanceo', '2024-03-05', '2024-03-06', 800.00, 6, 234567, 3);

INSERT INTO Orden_Servicios (Nro_serv, Tipo_serv, Descripcion, fecha_I, Fecha_F, Precio_final, Nro_emp, Nro_vehiculo, Nro_suc) VALUES (4, 'Reparación', 'Cambio de frenos', '2024-04-20', '2024-04-22', 1500.00, 7, 345678, 1);

INSERT INTO Orden_Servicios (Nro_serv, Tipo_serv, Descripcion, fecha_I, Fecha_F, Precio_final, Nro_emp, Nro_vehiculo, Nro_suc) VALUES (5, 'Mantenimiento', 'Limpieza del sistema de inyección', '2024-05-10', '2024-05-11', 600.00, 8, 456789, 2);

INSERT INTO Orden_Servicios (Nro_serv, Tipo_serv, Descripcion, fecha_I, Fecha_F, Precio_final, Nro_emp, Nro_vehiculo, Nro_suc) VALUES (6, 'Reparación', 'Reemplazo de batería', '2024-06-15', '2024-06-16', 900.00, 9, 567890, 3);

INSERT INTO Orden_Servicios (Nro_serv, Tipo_serv, Descripcion, fecha_I, Fecha_F, Precio_final, Nro_emp, Nro_vehiculo, Nro_suc) VALUES (7, 'Mantenimiento', 'Rotación de neumáticos', '2024-07-01', '2024-07-02', 400.00, 10, 678901, 1);

INSERT INTO Orden_Servicios (Nro_serv, Tipo_serv, Descripcion, fecha_I, Fecha_F, Precio_final, Nro_emp, Nro_vehiculo, Nro_suc) VALUES (8, 'Reparación', 'Reparación de sistema de escape', '2024-08-10', '2024-08-12', 1800.00, 4, 789012, 2);

INSERT INTO Orden_Servicios (Nro_serv, Tipo_serv, Descripcion, fecha_I, Fecha_F, Precio_final, Nro_emp, Nro_vehiculo, Nro_suc) VALUES (9, 'Mantenimiento', 'Cambio de bujías', '2024-09-05', '2024-09-06', 500.00, 5, 890123, 3);

INSERT INTO Orden_Servicios (Nro_serv, Tipo_serv, Descripcion, fecha_I, Fecha_F, Precio_final, Nro_emp, Nro_vehiculo, Nro_suc) VALUES (10, 'Reparación', 'Reemplazo de radiador', '2024-10-20', '2024-10-22', 2000.00, 6, 901234, 1);



INSERT INTO Pago_Empleado (Nro_pago, Sueldo, Bonos, Vacaciones, Fecha_pago, Forma_pago, Nro_emp, Cuil_em, Legajo, Obra_social_emp, Nro_obra_emp, Sindicato, Nro_sindicato, Seguro, Nro_seguro) VALUES (1, 1500.00, 200.00, 100.00, '2024-01-31 15:00:00', 'Transferencia bancaria', 4, 123456789, 'LEGA123', 'Obra Social 1', 987654321, 'Sindicato 1', 111111, 'Seguro 1', 111111111);

INSERT INTO Pago_Empleado (Nro_pago, Sueldo, Bonos, Vacaciones, Fecha_pago, Forma_pago, Nro_emp, Cuil_em, Legajo, Obra_social_emp, Nro_obra_emp, Sindicato, Nro_sindicato, Seguro, Nro_seguro) VALUES (2, 1800.00, 300.00, 0.00, '2024-02-29 15:00:00', 'Cheque', 5, 234567890, 'LEGA456', 'Obra Social 2', 876543210, 'Sindicato 2', 222222, 'Seguro 2', 222222222);

INSERT INTO Pago_Empleado (Nro_pago, Sueldo, Bonos, Vacaciones, Fecha_pago, Forma_pago, Nro_emp, Cuil_em, Legajo, Obra_social_emp, Nro_obra_emp, Sindicato, Nro_sindicato, Seguro, Nro_seguro) VALUES (3, 2000.00, 500.00, 0.00, '2024-03-31 15:00:00', 'Transferencia bancaria', 6, 345678901, 'LEGA789', 'Obra Social 3', 765432109, 'Sindicato 3', 333333, 'Seguro 3', 333333333);

INSERT INTO Pago_Empleado (Nro_pago, Sueldo, Bonos, Vacaciones, Fecha_pago, Forma_pago, Nro_emp, Cuil_em, Legajo, Obra_social_emp, Nro_obra_emp, Sindicato, Nro_sindicato, Seguro, Nro_seguro) VALUES (4, 1700.00, 100.00, 50.00, '2024-04-30 15:00:00', 'Efectivo', 7, 456789012, 'LEGA012', 'Obra Social 4', 654321098, 'Sindicato 4', 444444, 'Seguro 4', 444444444);

INSERT INTO Pago_Empleado (Nro_pago, Sueldo, Bonos, Vacaciones, Fecha_pago, Forma_pago, Nro_emp, Cuil_em, Legajo, Obra_social_emp, Nro_obra_emp, Sindicato, Nro_sindicato, Seguro, Nro_seguro) VALUES (5, 1900.00, 0.00, 0.00, '2024-05-31 15:00:00', 'Cheque', 8, 567890123, 'LEGA345', 'Obra Social 5', 543210987, 'Sindicato 5', 555555, 'Seguro 5', 555555555);

INSERT INTO Pago_Empleado (Nro_pago, Sueldo, Bonos, Vacaciones, Fecha_pago, Forma_pago, Nro_emp, Cuil_em, Legajo, Obra_social_emp, Nro_obra_emp, Sindicato, Nro_sindicato, Seguro, Nro_seguro) VALUES (6, 1600.00, 0.00, 0.00, '2024-06-30 15:00:00', 'Transferencia bancaria', 9, 678901234, 'LEGA678', 'Obra Social 6', 432109876, 'Sindicato 6', 666666, 'Seguro 6', 666666666);

INSERT INTO Pago_Empleado (Nro_pago, Sueldo, Bonos, Vacaciones, Fecha_pago, Forma_pago, Nro_emp, Cuil_em, Legajo, Obra_social_emp, Nro_obra_emp, Sindicato, Nro_sindicato, Seguro, Nro_seg8. INSERT INTO Pago_Empleado (Nro_pago, Sueldo, Bonos, Vacaciones, Fecha_pago, Forma_pago, Nro_emp, Cuil_em, Legajo, Obra_social_emp, Nro_obra_emp, Sindicato, Nro_sindicato, Seguro, Nro_seguro) VALUES (8, 1800.00, 200.00, 100.00, '2024-08-31 15:00:00', 'Efectivo', 4, 789012345, 'LEGA890', 'Obra Social 8', 210987654, 'Sindicato 8', 888888, 'Seguro 8', 888888888);

INSERT INTO Pago_Empleado (Nro_pago, Sueldo, Bonos, Vacaciones, Fecha_pago, Forma_pago, Nro_emp, Cuil_em, Legajo, Obra_social_emp, Nro_obra_emp, Sindicato, Nro_sindicato, Seguro, Nro_seguro) VALUES (9, 1900.00, 300.00, 0.00, '2024-09-30 15:00:00', 'Cheque', 5, 901234567, 'LEGA901', 'Obra Social 9', 109876543, 'Sindicato 9', 999999, 'Seguro 9', 999999999);

INSERT INTO Pago_Empleado (Nro_pago, Sueldo, Bonos, Vacaciones, Fecha_pago, Forma_pago, Nro_emp, Cuil_em, Legajo, Obra_social_emp, Nro_obra_emp, Sindicato, Nro_sindicato, Seguro, Nro_seguro) VALUES (10, 1700.00, 100.00, 50.00, '2024-10-31 15:00:00', 'Transferencia bancaria', 6, 123456789, 'LEGA234', 'Obra Social 10', 987654321, 'Sindicato 10', 101010, 'Seguro 10', 101010101);

INSERT INTO Pago_Empleado (Nro_pago, Sueldo, Bonos, Vacaciones, Fecha_pago, Forma_pago, Nro_emp, Cuil_em, Legajo, Obra_social_emp, Nro_obra_emp, Sindicato, Nro_sindicato, Seguro, Nro_seguro) VALUES (7, 1500.00, 0.00, 100.00, '2024-07-31 15:00:00', 'Transferencia bancaria', 3, 56789012, 'LEGA567', 'Obra Social 7', 32109876, 'Sindicato 7', 777777, 'Seguro 7', 777777777);





INSERT INTO Pago_Servicios (Nro_pago_serv, Metodo_pago, Monto_pago, Fecha_pago, Finalizado, Nro_cli, Nro_serv) VALUES (1, 'Efectivo', 500.00, '2024-01-15', 1, 123, 1);

INSERT INTO Pago_Servicios (Nro_pago_serv, Metodo_pago, Monto_pago, Fecha_pago, Finalizado, Nro_cli, Nro_serv) VALUES (2, 'Tarjeta', 800.00, '2024-02-20', 1, 456, 2);

INSERT INTO Pago_Servicios (Nro_pago_serv, Metodo_pago, Monto_pago, Fecha_pago, Finalizado, Nro_cli, Nro_serv) VALUES (3, 'Transferencia', 1000.00, '2024-03-10', 1, 789, 3);

INSERT INTO Pago_Servicios (Nro_pago_serv, Metodo_pago, Monto_pago, Fecha_pago, Finalizado, Nro_cli, Nro_serv) VALUES (4, 'Cheque', 700.00, '2024-04-05', 0, 234, 4);

INSERT INTO Pago_Servicios (Nro_pago_serv, Metodo_pago, Monto_pago, Fecha_pago, Finalizado, Nro_cli, Nro_serv) VALUES (5, 'Tarjeta', 900.00, '2024-05-12', 0, 567, 5);

INSERT INTO Pago_Servicios (Nro_pago_serv, Metodo_pago, Monto_pago, Fecha_pago, Finalizado, Nro_cli, Nro_serv) VALUES (6, 'Transferencia', 1200.00, '2024-06-25', 1, 890, 6);

INSERT INTO Pago_Servicios (Nro_pago_serv, Metodo_pago, Monto_pago, Fecha_pago, Finalizado, Nro_cli, Nro_serv) VALUES (7, 'Efectivo', 600.00, '2024-07-18', 1, 123, 7);

INSERT INTO Pago_Servicios (Nro_pago_serv, Metodo_pago, Monto_pago, Fecha_pago, Finalizado, Nro_cli, Nro_serv) VALUES (8, 'Tarjeta', 950.00, '2024-08-08', 0, 456, 8);

INSERT INTO Pago_Servicios (Nro_pago_serv, Metodo_pago, Monto_pago, Fecha_pago, Finalizado, Nro_cli, Nro_serv) VALUES (9, 'Transferencia', 1100.00, '2024-09-22', 1, 789, 9);

INSERT INTO Pago_Servicios (Nro_pago_serv, Metodo_pago, Monto_pago, Fecha_pago, Finalizado, Nro_cli, Nro_serv) VALUES (10, 'Cheque', 750.00, '2024-10-30', 0, 234, 10);





INSERT INTO Productos (Nro_prod, Nombre_prod, Precio_prod, Descripcion_prod, Stock, Tipo_prod, Fecha_prod) VALUES (1, 'Camiseta', 20.00, 'Camiseta de algodón', 50, 'Ropa', '2022-01-01');

INSERT INTO Productos (Nro_prod, Nombre_prod, Precio_prod, Descripcion_prod, Stock, Tipo_prod, Fecha_prod) VALUES (2, 'Zapatos', 50.00, 'Zapatos de cuero', 30, 'Calzado', '2022-02-05');

INSERT INTO Productos (Nro_prod, Nombre_prod, Precio_prod, Descripcion_prod, Stock, Tipo_prod, Fecha_prod) VALUES (3, 'Pantalón', 35.00, 'Pantalón vaquero', 40, 'Ropa', '2022-03-10');

INSERT INTO Productos (Nro_prod, Nombre_prod, Precio_prod, Descripcion_prod, Stock, Tipo_prod, Fecha_prod) VALUES (4, 'Bolso', 25.00, 'Bolso de mano', 20, 'Accesorio', '2022-04-15');

INSERT INTO Productos (Nro_prod, Nombre_prod, Precio_prod, Descripcion_prod, Stock, Tipo_prod, Fecha_prod) VALUES (5, 'Reloj', 30.00, 'Reloj de pulsera', 15, 'Accesorio', '2022-05-20');

INSERT INTO Productos (Nro_prod, Nombre_prod, Precio_prod, Descripcion_prod, Stock, Tipo_prod, Fecha_prod) VALUES (6, 'Gafas de sol', 15.00, 'Gafas de sol polarizadas', 25, 'Accesorio', '2022-06-25');

INSERT INTO Productos (Nro_prod, Nombre_prod, Precio_prod, Descripcion_prod, Stock, Tipo_prod, Fecha_prod) VALUES (7, 'Vestido', 40.00, 'Vestido estampado', 30, 'Ropa', '2022-07-30');

INSERT INTO Productos (Nro_prod, Nombre_prod, Precio_prod, Descripcion_prod, Stock, Tipo_prod, Fecha_prod) VALUES (8, 'Billetera', 18.00, 'Billetera de cuero', 35, 'Accesorio', '2022-08-05');

INSERT INTO Productos (Nro_prod, Nombre_prod, Precio_prod, Descripcion_prod, Stock, Tipo_prod, Fecha_prod) VALUES (9, 'Chaqueta', 45.00, 'Chaqueta de invierno', 20, 'Ropa', '2022-09-10');

INSERT INTO Productos (Nro_prod, Nombre_prod, Precio_prod, Descripcion_prod, Stock, Tipo_prod, Fecha_prod) VALUES (10, 'Bufanda', 12.00, 'Bufanda de lana', 25, 'Accesorio', '2022-10-15');





INSERT INTO Proveedores (Nro_prov, Nombre, Apellido, Telefono, Email, Direccion, tipo_prov, Cel_prov) VALUES (1, 'Proveedor1', 'Apellido1', 123456789, 'proveedor1@example.com', 'Calle 1, Ciudad', 'Tipo1', 987654321);

INSERT INTO Proveedores (Nro_prov, Nombre, Apellido, Telefono, Email, Direccion, tipo_prov, Cel_prov) VALUES (2, 'Proveedor2', 'Apellido2', 987654321, 'proveedor2@example.com', 'Calle 2, Ciudad', 'Tipo2', 123456789);

INSERT INTO Proveedores (Nro_prov, Nombre, Apellido, Telefono, Email, Direccion, tipo_prov, Cel_prov) VALUES (3, 'Proveedor3', 'Apellido3', 234567890, 'proveedor3@example.com', 'Calle 3, Ciudad', 'Tipo1', 876543210);

INSERT INTO Proveedores (Nro_prov, Nombre, Apellido, Telefono, Email, Direccion, tipo_prov, Cel_prov) VALUES (4, 'Proveedor4', 'Apellido4', 876543210, 'proveedor4@example.com', 'Calle 4, Ciudad', 'Tipo3', 234567890);

INSERT INTO Proveedores (Nro_prov, Nombre, Apellido, Telefono, Email, Direccion, tipo_prov, Cel_prov) VALUES (5, 'Proveedor5', 'Apellido5', 345678901, 'proveedor5@example.com', 'Calle 5, Ciudad', 'Tipo2', 765432109);

INSERT INTO Proveedores (Nro_prov, Nombre, Apellido, Telefono, Email, Direccion, tipo_prov, Cel_prov) VALUES (6, 'Proveedor6', 'Apellido6', 765432109, 'proveedor6@example.com', 'Calle 6, Ciudad', 'Tipo1', 456789012);

INSERT INTO Proveedores (Nro_prov, Nombre, Apellido, Telefono, Email, Direccion, tipo_prov, Cel_prov) VALUES (7, 'Proveedor7', 'Apellido7', 456789012, 'proveedor7@example.com', 'Calle 7, Ciudad', 'Tipo3', 654321098);

INSERT INTO Proveedores (Nro_prov, Nombre, Apellido, Telefono, Email, Direccion, tipo_prov, Cel_prov) VALUES (8, 'Proveedor8', 'Apellido8', 654321098, 'proveedor8@example.com', 'Calle 8, Ciudad', 'Tipo2', 543210987);

INSERT INTO Proveedores (Nro_prov, Nombre, Apellido, Telefono, Email, Direccion, tipo_prov, Cel_prov) VALUES (9, 'Proveedor9', 'Apellido9', 543210987, 'proveedor9@example.com', 'Calle 9, Ciudad', 'Tipo1', 432109876);

INSERT INTO Proveedores (Nro_prov, Nombre, Apellido, Telefono, Email, Direccion, tipo_prov, Cel_prov) VALUES (10, 'Proveedor10', 'Apellido10', 432109876, 'proveedor10@example.com', 'Calle 10, Ciudad', 'Tipo3', 321098765);





INSERT INTO Orden_Prod (Nro_orden, Precio_orden, Cant_orden, Fecha_p, Loc, CUIT_orden, Cel_orden, Lugar_entrega, Nro_prod, Nro_prov, Nro_suc)
VALUES (1, 10.00, 5, '2022-01-01', 'Local1', 123456789, 987654321, 'Dirección1', 1, 1, 1);

INSERT INTO Orden_Prod (Nro_orden, Precio_orden, Cant_orden, Fecha_p, Loc, CUIT_orden, Cel_orden, Lugar_entrega, Nro_prod, Nro_prov, Nro_suc)
VALUES (2, 15.00, 3, '2022-02-05', 'Local2', 987654321, 123456789, 'Dirección2', 2, 2, 2);

INSERT INTO Orden_Prod (Nro_orden, Precio_orden, Cant_orden, Fecha_p, Loc, CUIT_orden, Cel_orden, Lugar_entrega, Nro_prod, Nro_prov, Nro_suc)
VALUES (3, 20.00, 2, '2022-03-10', 'Local3', 234567890, 876543210, 'Dirección3', 3, 3, 3);

INSERT INTO Orden_Prod (Nro_orden, Precio_orden, Cant_orden, Fecha_p, Loc, CUIT_orden, Cel_orden, Lugar_entrega, Nro_prod, Nro_prov, Nro_suc)
VALUES (4, 25.00, 1, '2022-04-15', 'Local4', 876543210, 234567890, 'Dirección4', 4, 4, 4);

INSERT INTO Orden_Prod (Nro_orden, Precio_orden, Cant_orden, Fecha_p, Loc, CUIT_orden, Cel_orden, Lugar_entrega, Nro_prod, Nro_prov, Nro_suc)
VALUES (5, 30.00, 4, '2022-05-20', 'Local5', 345678901, 765432109, 'Dirección5', 5, 5, 5);

INSERT INTO Orden_Prod (Nro_orden, Precio_orden, Cant_orden, Fecha_p, Loc, CUIT_orden, Cel_orden, Lugar_entrega, Nro_prod, Nro_prov, Nro_suc)
VALUES (6, 35.00, 2, '2022-06-25', 'Local6', 765432109, 456789012, 'Dirección6', 6, 6, 6);

INSERT INTO Orden_Prod (Nro_orden, Precio_orden, Cant_orden, Fecha_p, Loc, CUIT_orden, Cel_orden, Lugar_entrega, Nro_prod, Nro_prov, Nro_suc)
VALUES (7, 40.00, 3, '2022-07-30', 'Local7', 456789012, 654321098, 'Dirección7', 7, 7, 7);

INSERT INTO Orden_Prod (Nro_orden, Precio_orden, Cant_orden, Fecha_p, Loc, CUIT_orden, Cel_orden, Lugar_entrega, Nro_prod, Nro_prov, Nro_suc)
VALUES (8, 45.00, 1, '2022-08-05', 'Local8', 654321098, 543210987, 'Dirección8', 8, 8, 8);

INSERT INTO Orden_Prod (Nro_orden, Precio_orden, Cant_orden, Fecha_p, Loc, CUIT_orden, Cel_orden, Lugar_entrega, Nro_prod, Nro_prov, Nro_suc)
VALUES (9, 50.00, 2, '2022-09-10', 'Local9', 543210987, 432109876, 'Dirección9', 9, 9, 9);

INSERT INTO Orden_Prod (Nro_orden, Precio_orden, Cant_orden, Fecha_p, Loc, CUIT_orden, Cel_orden, Lugar_entrega, Nro_prod, Nro_prov, Nro_suc)
VALUES (10, 55.00, 3, '2022-10-15', 'Local10', 432109876, 321098765, 'Dirección10', 10, 10, 10);





INSERT INTO Facturas (nro_Fact, Gastos, Ingresos, fecha_fact, nro_Suc)
VALUES (1, 100.00, 500.00, '2022-01-01', 1);

INSERT INTO Facturas (nro_Fact, Gastos, Ingresos, fecha_fact, nro_Suc)
VALUES (2, 150.00, 700.00, '2022-02-05', 2);

INSERT INTO Facturas (nro_Fact, Gastos, Ingresos, fecha_fact, nro_Suc)
VALUES (3, 200.00, 800.00, '2022-03-10', 3);

INSERT INTO Facturas (nro_Fact, Gastos, Ingresos, fecha_fact, nro_Suc)
VALUES (4, 250.00, 900.00, '2022-04-15', 4);

INSERT INTO Facturas (nro_Fact, Gastos, Ingresos, fecha_fact, nro_Suc)
VALUES (5, 300.00, 1000.00, '2022-05-20', 5);

INSERT INTO Facturas (nro_Fact, Gastos, Ingresos, fecha_fact, nro_Suc)
VALUES (6, 350.00, 1100.00, '2022-06-25', 6);

INSERT INTO Facturas (nro_Fact, Gastos, Ingresos, fecha_fact, nro_Suc)
VALUES (7, 400.00, 1200.00, '2022-07-30', 7);

INSERT INTO Facturas (nro_Fact, Gastos, Ingresos, fecha_fact, nro_Suc)
VALUES (8, 450.00, 1300.00, '2022-08-05', 8);

INSERT INTO Facturas (nro_Fact, Gastos, Ingresos, fecha_fact, nro_Suc)
VALUES (9, 500.00, 1400.00, '2022-09-10', 9);

INSERT INTO Facturas (nro_Fact, Gastos, Ingresos, fecha_fact, nro_Suc)
VALUES (10, 550.00, 1500.00, '2022-10-15', 10);





INSERT INTO Uso_Productos (Nuro_usoProd, cantidad, precio, Nro_prod, Nro_servicio)
VALUES (1, 5, 10.00, 1, 1);

INSERT INTO Uso_Productos (Nuro_usoProd, cantidad, precio, Nro_prod, Nro_servicio)
VALUES (2, 3, 15.00, 2, 2);

INSERT INTO Uso_Productos (Nuro_usoProd, cantidad, precio, Nro_prod, Nro_servicio)
VALUES (3, 2, 20.00, 3, 3);

INSERT INTO Uso_Productos (Nuro_usoProd, cantidad, precio, Nro_prod, Nro_servicio)
VALUES (4, 1, 25.00, 4, 4);

INSERT INTO Uso_Productos (Nuro_usoProd, cantidad, precio, Nro_prod, Nro_servicio)
VALUES (5, 4, 30.00, 5, 5);

INSERT INTO Uso_Productos (Nuro_usoProd, cantidad, precio, Nro_prod, Nro_servicio)
VALUES (6, 2, 35.00, 6, 6);

INSERT INTO Uso_Productos (Nuro_usoProd, cantidad, precio, Nro_prod, Nro_servicio)
VALUES (7, 3, 40.00, 7, 7);

INSERT INTO Uso_Productos (Nuro_usoProd, cantidad, precio, Nro_prod, Nro_servicio)
VALUES (8, 1, 45.00, 8, 8);

INSERT INTO Uso_Productos (Nuro_usoProd, cantidad, precio, Nro_prod, Nro_servicio)
VALUES (9, 2, 50.00, 9, 9);

INSERT INTO Uso_Productos (Nuro_usoProd, cantidad, precio, Nro_prod, Nro_servicio)
VALUES (10, 3, 55.00, 10, 10);






INSERT INTO Maquinas (Num_maq, Nombre_maq, Tipo_maq, Tiempo_uso, F_ingreso, Marca_maq, Color_maq, Modelo_maq, Potencia_maq, Precio_maq, Peso, Descripcion, Garantia, Ultimo_mantenimiento, Estado, Nro_prov, Sucursales_Nro_suc)
VALUES (1, 'Máquina 1', 'Tipo 1', '2 horas', '2022-01-01', 'Marca 1', 'Rojo', 'Modelo 1', '100W', 500.00, 10.0, 'Descripción 1', '6 meses', '2023-03-01', 'Activa', 1, 1);

INSERT INTO Maquinas (Num_maq, Nombre_maq, Tipo_maq, Tiempo_uso, F_ingreso, Marca_maq, Color_maq, Modelo_maq, Potencia_maq, Precio_maq, Peso, Descripcion, Garantia, Ultimo_mantenimiento, Estado, Nro_prov, Sucursales_Nro_suc)
VALUES (2, 'Máquina 2', 'Tipo 2', '1 hora', '2022-02-05', 'Marca 2', 'Azul', 'Modelo 2', '200W', 700.00, 15.0, 'Descripción 2', '12 meses', '2023-04-05', 'Activa', 2, 2);

INSERT INTO Maquinas (Num_maq, Nombre_maq, Tipo_maq, Tiempo_uso, F_ingreso, Marca_maq, Color_maq, Modelo_maq, Potencia_maq, Precio_maq, Peso, Descripcion, Garantia, Ultimo_mantenimiento, Estado, Nro_prov, Sucursales_Nro_suc)
VALUES (3, 'Máquina 3', 'Tipo 1', '3 horas', '2022-03-10', 'Marca 1', 'Verde', 'Modelo 3', '150W', 800.00, 12.0, 'Descripción 3', '6 meses', '2023-05-10', 'Inactiva', 3, 3);

INSERT INTO Maquinas (Num_maq, Nombre_maq, Tipo_maq, Tiempo_uso, F_ingreso, Marca_maq, Color_maq, Modelo_maq, Potencia_maq, Precio_maq, Peso, Descripcion, Garantia, Ultimo_mantenimiento, Estado, Nro_prov, Sucursales_Nro_suc)
VALUES (4, 'Máquina 4', 'Tipo 3', '4 horas', '2022-04-15', 'Marca 3', 'Negro', 'Modelo 4', '250W', 900.00, 20.0, 'Descripción 4', '12 meses', '2023-06-15', 'Activa', 4, 4);

INSERT INTO Maquinas (Num_maq, Nombre_maq, Tipo_maq, Tiempo_uso, F_ingreso, Marca_maq, Color_maq, Modelo_maq, Potencia_maq, Precio_maq, Peso, Descripcion, Garantia, Ultimo_mantenimiento, Estado, Nro_prov, Sucursales_Nro_suc)
VALUES (5, 'Máquina 5', 'Tipo 2', '2 horas', '2022-05-20', 'Marca 2', 'Blanco', 'Modelo 5', '180W', 1000.00, 18.0, 'Descripción 5', '6 meses', '2023-07-20', 'Activa', 5, 5);

INSERT INTO Maquinas (Num_maq, Nombre_maq, Tipo_maq, Tiempo_uso, F_ingreso, Marca_maq, Color_maq, Modelo_maq, Potencia_maq, Precio_maq, Peso, Descripcion, Garantia, Ultimo_mantenimiento, Estado, Nro_prov, Sucursales_Nro_suc)
VALUES (6, 'Máquina 6', 'Tipo 1', '3 horas', '2022-06-25', 'Marca 1', 'Gris', 'Modelo 6', '200W', 1100.00, 16.0, 'Descripción 6', '12 meses', '2023-08-25', 'Inactiva', 6, 6);

INSERT INTO Maquinas (Num_maq, Nombre_maq, Tipo_maq, Tiempo_uso, F_ingreso, Marca_maq, Color_maq, Modelo_maq, Potencia_maq, Precio_maq, Peso, Descripcion, Garantia, Ultimo_mantenimiento, Estado, Nro_prov, Sucursales_Nro_suc)
VALUES (7, 'Máquina 7', 'Tipo 2', '2 horas', '2022-07-30', 'Marca 2', 'Blanco', 'Modelo 7', '180W', 1200.00, 14.0, 'Descripción 7', '6 meses', '2023-09-30', 'Activa', 7, 7);

INSERT INTO Maquinas (Num_maq, Nombre_maq, Tipo_maq, Tiempo_uso, F_ingreso, Marca_maq, Color_maq, Modelo_maq, Potencia_maq, Precio_maq, Peso, Descripcion, Garantia, Ultimo_mantenimiento, Estado, Nro_prov, Sucursales_Nro_suc)
VALUES (8, 'Máquina 8', 'Tipo 3', '4 horas', '2022-08-04', 'Marca 3', 'Negro', 'Modelo 8', '250W', 1300.00, 22.0, 'Descripción 8', '12 meses', '2023-10-04', 'Activa', 8, 8);

INSERT INTO Maquinas (Num_maq, Nombre_maq, Tipo_maq, Tiempo_uso, F_ingreso, Marca_maq, Color_maq, Modelo_maq, Potencia_maq, Precio_maq, Peso, Descripcion, Garantia, Ultimo_mantenimiento, Estado, Nro_prov, Sucursales_Nro_suc)
VALUES (9, 'Máquina 9', 'Tipo 1', '3 horas', '2022-09-09', 'Marca 1', 'Verde', 'Modelo 9', '200W', 1400.00, 20.0, 'Descripción 9', '6 meses', '2023-11-09', 'Inactiva', 9, 9);

INSERT INTO Maquinas (Num_maq, Nombre_maq, Tipo_maq, Tiempo_uso, F_ingreso, Marca_maq, Color_maq, Modelo_maq, Potencia_maq, Precio_maq, Peso, Descripcion, Garantia, Ultimo_mantenimiento, Estado, Nro_prov, Sucursales_Nro_suc)
VALUES (10, 'Máquina 10', 'Tipo 2', '2 horas', '2022-10-14', 'Marca 2', 'Azul', 'Modelo 10', '180W', 1600.00, 18.0, 'Descripción 10', '6 meses', '2023-12-14', 'Activa', 10, 10);




INSERT INTO uso_maquinas (nro_Uso, Nro_maq, Nro_serv)
VALUES (1, 1, 1);

INSERT INTO uso_maquinas (nro_Uso, Nro_maq, Nro_serv)
VALUES (2, 2, 2);

INSERT INTO uso_maquinas (nro_Uso, Nro_maq, Nro_serv)
VALUES (3, 3, 3);

INSERT INTO uso_maquinas (nro_Uso, Nro_maq, Nro_serv)
VALUES (4, 4, 4);

INSERT INTO uso_maquinas (nro_Uso, Nro_maq, Nro_serv)
VALUES (5, 5, 5);

INSERT INTO uso_maquinas (nro_Uso, Nro_maq, Nro_serv)
VALUES (6, 6, 6);

INSERT INTO uso_maquinas (nro_Uso, Nro_maq, Nro_serv)
VALUES (7, 7, 7);

INSERT INTO uso_maquinas (nro_Uso, Nro_maq, Nro_serv)
VALUES (8, 8, 8);

INSERT INTO uso_maquinas (nro_Uso, Nro_maq, Nro_serv)
VALUES (9, 9, 9);

INSERT INTO uso_maquinas (nro_Uso, Nro_maq, Nro_serv)
VALUES (10, 10, 10);